**âœ¨ í…Œì´ë¸” ë°ì´í„° ì¡°ìž‘ì„ êµ¬í˜„í•˜ëŠ” ëª…ë ¹ì„ ìˆ˜í–‰í•  ìˆ˜ ìžˆë‹¤.**
â€‹
**âœ¨ INSERTë¬¸ì„ ì´ìš©í•œ í…Œì´ë¸” ìƒˆë¡œìš´ í–‰ ì¶”ê°€  
âœ¨ UPDATEë¬¸ì„ ê¸°ì¡´ ë°ì´í„° ìˆ˜ì •  
âœ¨ DELETEë¬¸ì„ ì´ìš©í•œ ê¸°ì¡´ ì œì´í„° ì‚­ì œ  
âœ¨ MARGE ë¬¸ì„ ì´ìš©í•œ í…Œì´ë¸” ë³‘í•©.**  
  
â€‹
## **INSERT **
â€‹
**\[í˜•ì‹\]**
â€‹
**  INSERT INTO TABLE(\[ì¹¼ëŸ¼ëª…, , ,\]) â†’ ì¹¼ëŸ¼ëª…ì€ ëª…ì‹œí•˜ì§€ ì•Šì•„ë„ ë¨  
  VALUES(ê°’, , , );**
â€‹
  
    - í…Œì´ë¸”ì— ì—´ ëª©ë¡ì„ ì‚¬ìš©í•˜ì§€ ì•ŠëŠ” ê²½ìš°ì—ëŠ” í…Œì´ë¸”ì˜ ê¸°ì¡´ ì—´ ìˆœì„œì— ë”°ë¼ ëª¨ë‘ ë‚˜ì—´í•´ì•¼ í•œë‹¤.  
    - ì—´ ëª©ë¡ì€ í…Œì´ë¸”ì˜ ìˆœì„œì™€ ê°™ì„ í•„ìš”ëŠ” ì—†ë‹¤.  
       INSERT INTO EMP(DEPTNO, ENAME) VALUES (50, '888');  
    - VALUESì ˆì— ë‚˜ì—´ëœ ì—´ì˜ ìˆœì„œì™€ ê°œìˆ˜ëŠ” INSERT ì ˆì— ë‚˜ì—´ëœ ì—´ì˜ ìˆœì„œ ë° ê°œìˆ˜ì™€ ê°™ì•„ì•¼ í•œë‹¤..  
    - ë¬¸ìž ë° ë‚ ì§œ ê°™ì€ ìž‘ì€ë”°ì˜´í‘œë¡œ ë¬¶ëŠ”ë‹¤.  
    - ìˆ«ìž ê°’ì„ ìž‘ì€ë”°ì˜´í‘œë¥¼ ë¬¶ìœ¼ë©´ ì•”ì‹œì  ë³€í™˜ì´ ë°œìƒí•  ìˆ˜ ìžˆë‹¤.  
    - ìž…ë ¥í•  ë°ì´í„°ê°€ ì—†ì„ ê²½ìš° NULLë¡œ ë˜ëŠ” ' ' ëŒ€ìž…í•œë‹¤.
â€‹
ë§Œì¼ ì œì•½ ì¡°ê±´ì— DEFAULTê°€ ìžˆë‹¤ë©´ DEFAULTê°’ìœ¼ë¡œ ì €ìž¥ëœë‹¤.
â€‹
```
CREATE TABLE TEST
AS
SELECT * FROM EMP;
```
â€‹
  
  
**Q1)**
â€‹
** # íŠ¹ì •í–‰ì„ ì‚½ìž…í•´ ë³´ìž.**
â€‹
  INSERT INTO TEST (EMPNO, ENAME, HIREDATE)  
  VALUES (7233, 'PAUL', SYSDATE);
â€‹
```
SQL> INSERT INTO TEST(EMPNO, ENAME, HIREDATE)
  2  VALUES (7233, 'PAUL', SYSDATE);
â€‹
1 row created.
â€‹
SQL> SELECT * FROM TEST;
â€‹
EMPNO ENAME                JOB                  MGR HIREDATE   SAL  COMM DEPTNO
----- -------------------- ------------------ ----- -------- ----- ----- ------
 7233 PAUL                                          21/05/26
â€‹
```
â€‹
  
  
**Q2)**
â€‹
** # ì‚¬ì›ì˜ ë²ˆí˜¸, ì‚¬ìš©ìž ì´ë¦„, ë´‰ê¸‰ì„ ìž…ë ¥í•´ ë³´ìž.**
â€‹
    (7234, USER, 3400)  
  
 INSERT INTO TEST(EMPNO, ENAME, SAL)  
 VALUES (7234, USER, 3400);
â€‹
```
SQL> INSERT INTO TEST(EMPNO, ENAME, SAL)
  2       VALUES (7234, USER, 3400);
â€‹
1 row created.
â€‹
SQL> SELECT * FROM TEST;
â€‹
EMPNO ENAME                JOB                  MGR HIREDATE   SAL  COMM DEPTNO
----- -------------------- ------------------ ----- -------- ----- ----- ------
 7234 SCOTT                                                   3400
 7902                                                         3000
 7369 SMITH                                                    800
 7499 ALLEN                                                   1600   300
 7521 WARD                                                    1250   500
 7566 JONES                                                   2975
 7654 MARTIN                                                  1250  1400
 7698 BLAKE                                                   2850
 7782 CLARK                                                   2450
 7839 KING                                                    5000
 7844 TURNER                                                  1500     0
â€‹
EMPNO ENAME                JOB                  MGR HIREDATE   SAL  COMM DEPTNO
----- -------------------- ------------------ ----- -------- ----- ----- ------
 7900 JAMES                                                    950
 7934 MILLER                                                  1300
â€‹
13 rows selected.
â€‹
SQL>
```
â€‹
  
  
**Q3)**
â€‹
**  # ë‚ ì§œ ê°’ì„ ìž…ë ¥í•´ë³´ìž. TO\_DATE()**
â€‹
  INSERT INTO TEST (EMPNO, ENAME, HIREDATE)  
  VALUES (7533, 'EVLIS', TO\_DATE('1997-02-05', 'YYYY-MM-DD'));  
  
  INSERT INTO TEST (EMPNO, ENAME, HIREDATE)  
  VALUES (7535, 'EVLIS02', TO\_DATE('1997/02/05', 'YYYY-MM-DD'));  
  
  INSERT INTO TEST (EMPNO, ENAME, HIREDATE)  
  VALUES (7535, 'EVLIS02', TO\_DATE('1997-02-07'));
â€‹
```
SQL> INSERT INTO TEST(EMPNO, ENAME, HIREDATE)
  2  VALUES (7533, 'EVIS', TO_DATE('1997-02-05','YYYY-MM-DD'));
â€‹
1 row created.
â€‹
SQL> INSERT INTO TEST(EMPNO, ENAME, HIREDATE)
  2  VALUES (7535, 'EVLIS02', TO_DATE('1997/02/05', 'YYYY-MM-DD'));
â€‹
1 row created.
â€‹
SQL> INSERT INTO TEST(EMPNO, ENAME, HIREDATE)
  2  VALUES(7535, 'EVLIS02', TO_DATE('1997-02-07'));
  
1 row created.
â€‹
 # ======= L23-25 ë³´ë©´ HIREDATEê°€ ê°™ì€ ì–‘ì‹ìœ¼ë¡œ ìž…ë ¥ëœë‹¤ YY/MM/DD =========
â€‹
SQL> SELECT * FROM TEST;
â€‹
EMPNO ENAME                JOB                  MGR HIREDATE   SAL  COMM DEPTNO
----- -------------------- ------------------ ----- -------- ----- ----- ------
 7234 SCOTT                                                   3400
 7533 EVLIS                                         97/02/05                     #
 7535 EVLIS02                                       97/02/05                     #
 7535 EVLIS02                                       97/02/07                     #
 7902                                                         3000
 7369 SMITH                                                    800
 7499 ALLEN                                                   1600   300
 7521 WARD                                                    1250   500
 7566 JONES                                                   2975
 7654 MARTIN                                                  1250  1400
 7698 BLAKE                                                   2850
â€‹
EMPNO ENAME                JOB                  MGR HIREDATE   SAL  COMM DEPTNO
----- -------------------- ------------------ ----- -------- ----- ----- ------
 7782 CLARK                                                   2450
 7839 KING                                                    5000
 7844 TURNER                                                  1500     0
 7900 JAMES                                                    950
 7934 MILLER                                                  1300
â€‹
16 rows selected.
â€‹
SQL>
```
â€‹
  
  
** Q4)**
â€‹
   **â–¡ INSERT êµ¬ë¬¸ SUBQUERY**
â€‹
     : INSERT ì ˆì˜ ì—´ì˜ ìˆ˜ì™€ ì„œë¸Œ ì¿¼ë¦¬ì˜ ì—´ì˜ ìˆ˜ê°€ ì¼ì¹˜í•´ì•¼ í•œë‹¤.  
       í•œ ë²ˆì— ì—¬ëŸ¬ ê°œì˜ í–‰ì„ ìž…ë ¥í•  ìˆ˜ ìžˆë‹¤.
â€‹
**  \[í˜•ì‹\]**
â€‹
  
**  INSERT INTO TABLE \[ \]**  
**  SUBQUERY;**
â€‹
**  # EMP í…Œì´ë¸” ì‚¬ì›ì¤‘ì— Aê°€ ë“¤ì–´ìžˆëŠ” ì‚¬ì›ì˜ ì •ë³´ë§Œ NEW\_EMPë¡œ ìž…ë ¥í•˜ìž.**
â€‹
```
# ======= NEW_EMP ========
CREATE TABLE NEW_EMP(
ID NUMBER(4)
NAME VARCHAR2(10));
â€‹
CREATE TABLE NEW_EMP(
ID NUMBER(4),
NAME VARCHAR2(10));
```
â€‹
  
  INSERT INTO NEW\_EMP  
  SELECT EMPNO, ENAME  
  FROM EMP  
  WHERE ENAME LIKE '% A%';
â€‹
```
SQL> INSERT INTO NEW_EMP
  2  SELECT EMPNO, ENAME
  3  FROM EMP
  4  WHERE ENAME LIKE '%A%';
â€‹
6 rows created.
â€‹
SQL> SELECT * FROM NEW_EMP;
â€‹
   ID NAME
----- --------------------
 7499 ALLEN
 7521 WARD
 7654 MARTIN
 7698 BLAKE
 7782 CLARK
 7900 JAMES
â€‹
6 rows selected.
â€‹
SQL>
```
â€‹
---
â€‹
## **UPDATE**
â€‹
  
  - UPDATE ë¬¸ì„ ì´ìš©í•œ ê¸°ì¡´ ë°ì´í„° ìˆ˜ì •  
  - UPDATE êµ¬ë¬¸ì„ ì´ìš©í•´ì„œ íŠ¹ì • ì—´ì˜ ê°’ì„ ë³€ê²½í•  ìˆ˜ ìžˆë‹¤.  
  - WHERE ì ˆì„ ìƒëžµí•˜ë©´ í…Œì´ë¸”ì˜ ëª¨ë“  í–‰ì´ ìˆ˜ì •ëœë‹¤.
â€‹
**  \[í˜•ì‹\]**
â€‹
  
**  UPDATE í…Œì´ë¸”ëª…  
  SET COLUMN = VALUES \[, , ,\]**  
**  \[WHERE CONDITION\];**
â€‹
  
** Q5)**
â€‹
**  # TEST í…Œì´ë¸”ì˜ ì»¤ë¯¸ì…˜ 0ì„ ë³€ê²½í•˜ìž.**
â€‹
  UPDATE TEST  
  SET COMM=0;
â€‹
```
SQL> UPDATE TEST
  2  SET COMM = 0;
â€‹
16 rows updated.
â€‹
SQL> SELECT * FROM TEST;
â€‹
EMPNO ENAME                JOB                  MGR HIREDATE   SAL  COMM DEPTNO
----- -------------------- ------------------ ----- -------- ----- ----- ------
 7234 SCOTT                                                   3400     0
 7533 EVLIS                                         97/02/05           0
 7535 EVLIS02                                       97/02/05           0
 7535 EVLIS02                                       97/02/07           0
 7902                                                         3000     0
 7369 SMITH                                                    800     0
 7499 ALLEN                                                   1600     0
 7521 WARD                                                    1250     0
 7566 JONES                                                   2975     0
 7654 MARTIN                                                  1250     0
 7698 BLAKE                                                   2850     0
â€‹
EMPNO ENAME                JOB                  MGR HIREDATE   SAL  COMM DEPTNO
----- -------------------- ------------------ ----- -------- ----- ----- ------
 7782 CLARK                                                   2450     0
 7839 KING                                                    5000     0
 7844 TURNER                                                  1500     0
 7900 JAMES                                                    950     0
 7934 MILLER                                                  1300     0
â€‹
16 rows selected.
â€‹
```
â€‹
  
  
**Q6)**
â€‹
**  # UPDATE í•œ êµ¬ë¬¸ì„ ì·¨ì†Œí•˜ìž.**
â€‹
 ROLLBACK;
â€‹
```
SQL> ROLLBACK;
â€‹
Rollback complete.
â€‹
```
â€‹
  
**Q7)**
â€‹
** # TEST í…Œì´ë¸”ì—ì„œ JONES ì»¤ë¯¸ì…˜ì„ 500ì´ë¼ê³  ë³€ê²½í•˜ìž.**
â€‹
  
 UPDATE TEST  
 SET COMM = 500  
 WHERE ENAME = 'JONES';
â€‹
```
SQL> UPDATE TEST
  2  SET COMM = 500
  3  WHERE ENAME = 'JONES';
â€‹
1 row updated.
â€‹
SQL> SELECT * FROM TEST;
â€‹
EMPNO ENAME                JOB                  MGR HIREDATE   SAL  COMM DEPTNO
----- -------------------- ------------------ ----- -------- ----- ----- ------
 7234 SCOTT                                                   3400
      FORD
 7902                                                         3000
 7369 SMITH                                                    800
 7499 ALLEN                                                   1600   300
 7521 WARD                                                    1250   500
 7566 JONES                                                   2975   500 # â˜… í™•ì¸
 7654 MARTIN                                                  1250  1400
 7698 BLAKE                                                   2850
 7782 CLARK                                                   2450
 7839 KING                                                    5000
â€‹
EMPNO ENAME                JOB                  MGR HIREDATE   SAL  COMM DEPTNO
----- -------------------- ------------------ ----- -------- ----- ----- ------
 7844 TURNER                                                  1500     0
 7900 JAMES                                                    950
 7934 MILLER                                                  1300
â€‹
14 rows selected.
```
â€‹
  
**Q8)**
â€‹
** # TEST í…Œì´ë¸”ì—ì„œ PAULì˜ ì§ì—…ì€ CLERK CLERKë¡œ, ë´‰ê¸‰ì€ 5000, ì»¤ë¯¸ì…˜ì€ ë´‰ê¸‰ì˜ 20%ë¡œ ë³€ê²½í•´ë³´ìž.**
â€‹
    : ë´‰ê¸‰ì„ 5000ìœ¼ë¡œ ë³€ê²½í–ˆê¸° ë•Œë¬¸ì—, ì‹¤í–‰ í›„ ì¶”ê°€ ì»¤ë¯¸ì…˜ ê³„ì‚°ì„ í•´ì•¼ í•œë‹¤.
â€‹
  
 UPDATE TEST  
 SET JOB = 'CLERK', SAL = 5000  
 WHERE ENAME = 'PAUL';
â€‹
```
SQL> UPDATE TEST
  2   SET JOB = 'CLERK', SAL = 5000
  3   WHERE ENAME = 'PAUL';
â€‹
1 row updated.
â€‹
SQL> SELECT * FROM TEST;
â€‹
EMPNO ENAME                JOB                  MGR HIREDATE   SAL  COMM DEPTNO
----- -------------------- ------------------ ----- -------- ----- ----- ------
 7234 SCOTT                                                   3400
      FORD
 7233 PAUL                 CLERK                    21/05/26  5000  # â˜… í™•ì¸
 7902                                                         3000
 7369 SMITH                                                    800
 7499 ALLEN                                                   1600   300
 7521 WARD                                                    1250   500
 7566 JONES                                                   2975   500
 7654 MARTIN                                                  1250  1400
 7698 BLAKE                                                   2850
 7782 CLARK                                                   2450
â€‹
EMPNO ENAME                JOB                  MGR HIREDATE   SAL  COMM DEPTNO
----- -------------------- ------------------ ----- -------- ----- ----- ------
 7839 KING                                                    5000
 7844 TURNER                                                  1500     0
 7900 JAMES                                                    950
 7934 MILLER                                                  1300
â€‹
15 rows selected.
â€‹
SQL>
```
â€‹
  
 â†’ ì €ìž¥ í›„ ì¶”ê°€ ë³€ê²½
â€‹
  
  UPDATE TEST  
  SET COMM = SAL\*0.2  
  WHERE ENAME = 'PAUL';
â€‹
```
SQL> UPDATE TEST
  2  SET COMM = SAL*0.2
  3  WHERE ENAME = 'PAUL';
â€‹
1 row updated.
â€‹
SQL> SELECT * FROM TEST;
â€‹
EMPNO ENAME                JOB                  MGR HIREDATE   SAL  COMM DEPTNO
----- -------------------- ------------------ ----- -------- ----- ----- ------
 7234 SCOTT                                                   3400
      FORD
 7233 PAUL                 CLERK                    21/05/26  5000  1000 # â˜… í™•ì¸
 7902                                                         3000
 7369 SMITH                                                    800
 7499 ALLEN                                                   1600   300
 7521 WARD                                                    1250   500
 7566 JONES                                                   2975   500
 7654 MARTIN                                                  1250  1400
 7698 BLAKE                                                   2850
 7782 CLARK                                                   2450
â€‹
EMPNO ENAME                JOB                  MGR HIREDATE   SAL  COMM DEPTNO
----- -------------------- ------------------ ----- -------- ----- ----- ------
 7839 KING                                                    5000
 7844 TURNER                                                  1500     0
 7900 JAMES                                                    950
 7934 MILLER                                                  1300
â€‹
15 rows selected.
â€‹
SQL>
```
â€‹
  
** Q9)**
â€‹
**# ì„œë¸Œ ì¿¼ë¦¬ë¥¼ ì‚¬ìš©í•´ì„œ ì‚¬ì›ì˜ ë²ˆí˜¸ 7902 ì‚¬ì›ì˜ ë¶€ì„œ ë²ˆí˜¸ë¥¼KINGê³¼ ë™ì¼í•˜ê²Œ ë³€ê²½í•˜ëŠ” UPDATE í•´ë³´ìž.**
â€‹
 UPDATE TEST01  
 SET DEPTNO = (SELECT DEPTNO  
                      FROM TEST  
                      WHERE ENAME = 'KING')  
 WHERE EMPNO = 7902;
â€‹
```
SQL> SELECT * FROM TEST01;
â€‹
EMPNO ENAME                JOB                  MGR HIREDATE   SAL  COMM DEPTNO
----- -------------------- ------------------ ----- -------- ----- ----- ------
 7369 SMITH                CLERK               7902 80/12/17   800           20
 7499 ALLEN                SALESMAN            7698 81/02/20  1600   300     30
 7521 WARD                 SALESMAN            7698 81/02/22  1250   500     30
 7566 JONES                MANAGER             7839 81/04/02  2975           20
 7654 MARTIN               SALESMAN            7698 81/09/28  1250  1400     30
 7698 BLAKE                MANAGER             7839 81/05/01  2850           30
 7782 CLARK                MANAGER             7839 81/06/09  2450           10
 7839 KING                 PRESIDENT                81/11/17  5000           10
 7844 TURNER               SALESMAN            7698 81/09/08  1500     0     30
 7900 JAMES                CLERK               7698 81/12/03   950           30
 7902 FORD                 ANALYST             7566 81/12/03  3000           20
â€‹
EMPNO ENAME                JOB                  MGR HIREDATE   SAL  COMM DEPTNO
----- -------------------- ------------------ ----- -------- ----- ----- ------
 7934 MILLER               CLERK               7782 82/01/23  1300           10
â€‹
12 rows selected.
â€‹
SQL> UPDATE TEST01
  2  SET DEPTNO = (SELECT DEPTNO
  3                FROM TEST
  4                WHERE ENAME = 'KING')
  5  WHERE EMPNO = 7902;
â€‹
1 row updated.
â€‹
SQL> SELECT * FROM TEST01;
â€‹
EMPNO ENAME                JOB                  MGR HIREDATE   SAL  COMM DEPTNO
----- -------------------- ------------------ ----- -------- ----- ----- ------
 7369 SMITH                CLERK               7902 80/12/17   800           20
 7499 ALLEN                SALESMAN            7698 81/02/20  1600   300     30
 7521 WARD                 SALESMAN            7698 81/02/22  1250   500     30
 7566 JONES                MANAGER             7839 81/04/02  2975           20
 7654 MARTIN               SALESMAN            7698 81/09/28  1250  1400     30
 7698 BLAKE                MANAGER             7839 81/05/01  2850           30
 7782 CLARK                MANAGER             7839 81/06/09  2450           10
 7839 KING                 PRESIDENT                81/11/17  5000           10
 7844 TURNER               SALESMAN            7698 81/09/08  1500     0     30
 7900 JAMES                CLERK               7698 81/12/03   950           30
 7902 FORD                 ANALYST             7566 81/12/03  3000
â€‹
EMPNO ENAME                JOB                  MGR HIREDATE   SAL  COMM DEPTNO
----- -------------------- ------------------ ----- -------- ----- ----- ------
 7934 MILLER               CLERK               7782 82/01/23  1300           10
â€‹
12 rows selected.
```
â€‹
  
**Q10)**
â€‹
**  # 7698 ì‚¬ì›ì˜ ì§ì—…ê³¼ ë¶€ì„œ ë²ˆí˜¸ë¥¼ 7499 ì‚¬ì›ì˜ ì§ì—…ê³¼ ë¶€ì„œë²ˆí˜¸ ê°™ë„ë¡ ìˆ˜ì •í•˜ìž.**
â€‹
UPDATE TEST01  
SET (JOB, DEPTNO) = (SELECT JOB, DEPTNO  
                             FROM TEST  
                             WHERE EMPNO = 7499)  
WHERE EMPNO = 7698;
â€‹
```
SQL> UPDATE TEST01
  2  SET (JOB, DEPTNO) = (SELECT JOB, DEPTNO
  3                       FROM TEST
  4                       WHERE EMPNO = 7499)
  5  WHERE EMPNO = 7698;
â€‹
1 row updated.
â€‹
SQL> SELECT *
  2  FROM TEST01;
â€‹
EMPNO ENAME                JOB                  MGR HIREDATE   SAL  COMM DEPTNO
----- -------------------- ------------------ ----- -------- ----- ----- ------
 7369 SMITH                CLERK               7902 80/12/17   800           20
 7499 ALLEN                SALESMAN            7698 81/02/20  1600   300     30 #â˜…
 7521 WARD                 SALESMAN            7698 81/02/22  1250   500     30
 7566 JONES                MANAGER             7839 81/04/02  2975           20
 7654 MARTIN               SALESMAN            7698 81/09/28  1250  1400     30
 7698 BLAKE                SALESMAN            7839 81/05/01  2850           30 #â˜…
 7782 CLARK                MANAGER             7839 81/06/09  2450           10
 7839 KING                 PRESIDENT                81/11/17  5000           10
 7844 TURNER               SALESMAN            7698 81/09/08  1500     0     30
 7900 JAMES                CLERK               7698 81/12/03   950           30
 7902 FORD                 ANALYST             7566 81/12/03  3000   500     10
â€‹
EMPNO ENAME                JOB                  MGR HIREDATE   SAL  COMM DEPTNO
----- -------------------- ------------------ ----- -------- ----- ----- ------
 7934 MILLER               CLERK               7782 82/01/23  1300           10
 7233 PAUL                 CLERK                    21/05/26  5000  1000
 7234 SCOTT                                                   3400
```
â€‹
---
â€‹
##   
**DELETE**
â€‹
  
**DELECT \[FROM\] í…Œì´ë¸”ëª…  
\[WHERE CONDITION\];**  
  
  
  
**Q11) TEST ì „ì²´ ë ˆì½”ë“œë¥¼ ì‚­ì œí•˜ìž.**
â€‹
DELETE FROM TEST;  
DELECT TEST; 
â€‹
```
SQL> DELETE FROM TEST;
â€‹
0 rows deleted.
```
â€‹
  
**Q12) FORDì‚¬ì›ì„ ì‚­ì œí•˜ìž.**
â€‹
DELETE FROM TEST  
WHERE ENAME = 'FORD';
â€‹
```
SQL> DELETE FROM TEST01
  2  WHERE ENAME = 'FORD';
â€‹
1 row deleted.
â€‹
SQL> SELECT * FROM TEST01;
â€‹
EMPNO ENAME                JOB                  MGR HIREDATE   SAL  COMM DEPTNO
----- -------------------- ------------------ ----- -------- ----- ----- ------
 7369 SMITH                CLERK               7902 80/12/17   800           20
 7499 ALLEN                SALESMAN            7698 81/02/20  1600   300     30
 7521 WARD                 SALESMAN            7698 81/02/22  1250   500     30
 7566 JONES                MANAGER             7839 81/04/02  2975           20
 7654 MARTIN               SALESMAN            7698 81/09/28  1250  1400     30
 7698 BLAKE                MANAGER             7839 81/05/01  2850           30
 7782 CLARK                MANAGER             7839 81/06/09  2450           10
 7839 KING                 PRESIDENT                81/11/17  5000           10
 7844 TURNER               SALESMAN            7698 81/09/08  1500     0     30
 7900 JAMES                CLERK               7698 81/12/03   950           30
 7934 MILLER               CLERK               7782 82/01/23  1300           10
â€‹
11 rows selected.
â€‹
SQL>
â€‹
```
â€‹
  
  
**Q13) ë¶€ì„œë²ˆí˜¸ 20ë²ˆ ì‚¬ì›ì„ ì‚­ì œí•˜ìž.**
â€‹
  
DELETE FROM TEST  
WHERE DEPTNO = 20;
â€‹
```
SQL> DELETE FROM TEST01
  2  WHERE DEPTNO = 20;
â€‹
2 rows deleted.
â€‹
SQL> SELECT * FROM TEST01;
â€‹
EMPNO ENAME                JOB                  MGR HIREDATE   SAL  COMM DEPTNO
----- -------------------- ------------------ ----- -------- ----- ----- ------
 7499 ALLEN                SALESMAN            7698 81/02/20  1600   300     30
 7521 WARD                 SALESMAN            7698 81/02/22  1250   500     30
 7654 MARTIN               SALESMAN            7698 81/09/28  1250  1400     30
 7698 BLAKE                MANAGER             7839 81/05/01  2850           30
 7782 CLARK                MANAGER             7839 81/06/09  2450           10
 7839 KING                 PRESIDENT                81/11/17  5000           10
 7844 TURNER               SALESMAN            7698 81/09/08  1500     0     30
 7900 JAMES                CLERK               7698 81/12/03   950           30
 7934 MILLER               CLERK               7782 82/01/23  1300           10
â€‹
9 rows selected.
```
â€‹
**Q14) ì‚¬ì›ì˜ ë´‰ê¸‰ ì¤‘ì— 20002000 ì´ìƒì„ ë°›ëŠ” ì‚¬ì›ì„ ì‚­ì œí•˜ìž.**
â€‹
  
DELETE FROM TEST01  
WHERE SAL >= 2000;
â€‹
```
SQL> DELETE FROM TEST01
  2  WHERE SAL >= 2000;
â€‹
5 rows deleted.
â€‹
SQL> SELECT * FROM TEST01;
â€‹
EMPNO ENAME                JOB                  MGR HIREDATE   SAL  COMM DEPTNO
----- -------------------- ------------------ ----- -------- ----- ----- ------
 7369 SMITH                CLERK               7902 80/12/17   800           20
 7499 ALLEN                SALESMAN            7698 81/02/20  1600   300     30
 7521 WARD                 SALESMAN            7698 81/02/22  1250   500     30
 7654 MARTIN               SALESMAN            7698 81/09/28  1250  1400     30
 7844 TURNER               SALESMAN            7698 81/09/08  1500     0     30
 7900 JAMES                CLERK               7698 81/12/03   950           30
 7934 MILLER               CLERK               7782 82/01/23  1300           10
â€‹
7 rows selected.
â€‹
SQL>
```
â€‹
##   
  
**MERGEë¬¸**
â€‹
  í…Œì´ë¸”ì˜ ì¡°ê±´ì— ë”°ë¼ ë°ì´í„°ë¥¼ ê°±ì‹ í•˜ê±°ë‚˜ ì‚½ìž…í•˜ëŠ” ê¸°ëŠ¥ì„ ì œê³µí•œë‹¤.  
í•´ë‹¹ í–‰ì´ ì¡´ìž¬í•˜ëŠ” ê²½ìš° UPDATE UPDATEë¥¼ ìˆ˜í–‰í•˜ê³  ìƒˆë¡œìš´ í–‰ì¼ ê²½ìš° INSERTë¥¼ ìˆ˜í–‰í•œë‹¤.  
  
\[í˜•ì‹\]
â€‹
  
MERGE INTO í…Œì´ë¸”ëª…  
USING â†’ ë³€ê²½ ë˜ëŠ” ì¶”ê°€í•  ë°ì´í„°ì˜ ì›ë³¸ì„ ì§€ì •í•˜ëŠ” í…Œì´ë¸” ë˜ëŠ” VIEW, ì„œë¸Œ ì¿¼ë¦¬  
ON â†’ MERGE ì—°ì‚°ì´ ë³€ê²½ ë˜ëŠ” ì¶”ê°€ë¥¼ ìˆ˜í–‰í•˜ëŠ” ì¡°ê±´  
WHEN MATCHED THEN  
  UPDATE SET  
WHEN NET MATCHED THEN  
  INSERT  
VALUES  
  
â€‹
**Q15)**
â€‹
**EMP í…Œì´ë¸”ì—ì„œ TEST01 í…Œì´ë¸”ê³¼ ë¹„êµí•´ì„œ**
â€‹
**ë™ì¼í•œ ì‚¬ì›ë²ˆí˜¸ì˜ ë°ì´í„°ê°€ ìžˆìœ¼ë©´ TEST01 í…Œì´ë¸”ì˜ ë´‰ê¸‰, ì»¤ë¯¸ì…˜ì„** **EMP í…Œì´ë¸”ì˜ ê°’ìœ¼ë¡œ ìˆ˜ì •í•˜ê³ **
â€‹
**í•´ë‹¹ ì‚¬ì›ë²ˆí˜¸ë¥¼ ê°€ì§„ ì‚¬ì›ì´ ì—†ìœ¼ë©´ TEST01ì— EMP í…Œì´ë¸”ì˜ ë°ì´í„°ë¥¼ ì´ìš©í•´ì„œ ìž…ë ¥í•˜ìž.**  
  
MERGE INTO TEST01 T  
USING EMP E  
ON (T.EMPNO = E.EMPNO)  
WHEN MATCHED THEN  
         UPDATE SET T.SAL = E.SAL, T.COMM = E.COMM  
WHEN NOT MATCHED THEN  
         INSERT (EMPNO, ENAME, SAL, COMM)  
VALUES (E.EMPNO, E.ENAME, E.SAL, E.COMM);
â€‹
```
SQL> SELECT * FROM TEST01;
â€‹
EMPNO ENAME                JOB                  MGR HIREDATE   SAL  COMM DEPTNO
----- -------------------- ------------------ ----- -------- ----- ----- ------
 7369 SMITH                CLERK               7902 80/12/17   800           20
 7499 ALLEN                SALESMAN            7698 81/02/20  1600   300     30
 7521 WARD                 SALESMAN            7698 81/02/22  1250   500     30
 7654 MARTIN               SALESMAN            7698 81/09/28  1250  1400     30
 7844 TURNER               SALESMAN            7698 81/09/08  1500     0     30
 7900 JAMES                CLERK               7698 81/12/03   950           30
 7934 MILLER               CLERK               7782 82/01/23  1300           10
â€‹
7 rows selected.
â€‹
#=========================================================
â€‹
SQL> MERGE INTO TEST01 T
  2  USING EMP E
  3  ON(T.EMPNO = E.EMPNO)
  4  WHEN MATCHED THEN
  5     UPDATE SET T.SAL = E.SAL, T.COMM = E.COMM
  6  WHEN NOT MATCHED THEN
  7     INSERT (EMPNO, ENAME, SAL, COMM)
  8     VALUES(E.EMPNO, E.ENAME, E.SAL, E.COMM);
â€‹
12 rows merged.
â€‹
SQL> SELECT * FROM TEST01;
â€‹
EMPNO ENAME                JOB                  MGR HIREDATE   SAL  COMM DEPTNO
----- -------------------- ------------------ ----- -------- ----- ----- ------
 7369 SMITH                CLERK               7902 80/12/17   800           20
 7499 ALLEN                SALESMAN            7698 81/02/20  1600   300     30
 7521 WARD                 SALESMAN            7698 81/02/22  1250   500     30
 7654 MARTIN               SALESMAN            7698 81/09/28  1250  1400     30
 7844 TURNER               SALESMAN            7698 81/09/08  1500     0     30
 7900 JAMES                CLERK               7698 81/12/03   950           30
 7934 MILLER               CLERK               7782 82/01/23  1300           10
 7566 JONES                                                   2975
 7698 BLAKE                                                   2850
 7782 CLARK                                                   2450
 7839 KING                                                    5000
â€‹
EMPNO ENAME                JOB                  MGR HIREDATE   SAL  COMM DEPTNO
----- -------------------- ------------------ ----- -------- ----- ----- ------
 7902 FORD                                                    3000
â€‹
12 rows selected.
â€‹
SQL>
```
â€‹
## **ë‹¤ì¤‘ í…Œì´ë¸” ìž…ë ¥**  
â€‹
**ë¬´ì¡°ê±´** **INSERT**
â€‹
     : ALL ë’¤ì— ì—¬ëŸ¬ ê°œì˜ INTO ì ˆì„ ì§€ì •í•˜ì—¬ ë¬´ì¡°ê±´ ë‹¤ì¤‘ í…Œì´ë¸”ì— ë°ì´í„° ì‚½ìž…  
      ì„œë¸Œ ì¿¼ë¦¬ì—ì„œëŠ” ë°˜í™˜ëœ ê° í–‰ì— ëŒ€í•´ INTO ì ˆì„ í•œ ë²ˆì”© ìˆ˜í–‰í•œë‹¤.
â€‹
**ì¡°ê±´** **ALL INSERT/ ì¡°ê±´ INSERT**
â€‹
    : ì¡°ê±´ ì§€ì •, í•˜ë‚˜ì˜ ë‹¤ì¤‘ INSERTëŠ” WHENë¬¸ì„ 127ê°œ (ë‹¨, ALLì´ ì—†ì„ ê²½ìš°)) ê¹Œì§€ë§Œ ì‚¬ìš©í•  ìˆ˜ ìžˆë‹¤.
â€‹
**ì¡°ê±´** **FIRST INSERT** : ë‚˜ì—´ëœ ìˆœì„œëŒ€ë¡œ WHEN ë¬¸ì„ í‰ê°€ ì‹¤í–‰í•œë‹¤.
â€‹
  
**í”¼ë²—** **INSERT :** ë¹„ ê´€ê³„í˜• í…Œì´ë¸”ì˜ ë ˆì½”ë“œë¥¼ ê´€ê³„í˜•ìœ¼ë¡œ êµ¬í˜„í•  ë•Œ ì‚¬ìš©í•œë‹¤.
â€‹
**\[í˜•ì‹\]**
â€‹
  
**ë¬´ì¡°ê±´ INSERT**  
**INSERT ALL**  
**INTO ë°ì´ë¸”ëª… VALUES()**  
**INTO**  
**SELECT**  
**FROM WHERE**
â€‹
  
**Q16)**
â€‹
**ì‚¬ì› í…Œì´ë¸”(EMP)ì—ì„œ 20ë²ˆ ë¶€ì„œ ì´ìƒì˜ ë°ì´í„°ë¥¼**
â€‹
**TEST01 í…Œì´ë¸”ì—ëŠ” ì‚¬ì›ë²ˆí˜¸, ìž…ì‚¬ì¼, ë´‰ê¸‰ì„ ìž…ë ¥í•˜ê³ **
â€‹
**TEST02ë¼ëŠ”, ë§¤ë‹ˆì €, ë´‰ê¸‰ì„ ìž…ë ¥í•´ë³´ìž.**
â€‹
  
INSERT ALL  
INTO TEST01 (EMPNO, HIREDATE, SAL) VALUES (EMPNO, HIREDATE, SAL)  
INTO TEST02 (EMPNO, MGR, SAL) VALUES (EMP NO, MGR, SAL)  
SELECT EMPNO, HIREDATE, SAL, MGR  
FROM EMP  
WHERE DEPTNO >20;
â€‹
```
SQL> INSERT ALL
  2  INTO TEST01(EMPNO, HIREDATE, SAL) VALUES(EMPNO,HIREDATE,SAL)
  3  INTO TEST02(EMPNO, MGR, SAL) VALUES(EMPNO, MGR, SAL)
  4  SELECT EMPNO, HIREDATE, SAL, MGR
  5  FROM EMP
  6  WHERE DEPTNO > 20;
â€‹
12 rows created.
â€‹
SQL> SELECT * FROM TEST01;
â€‹
EMPNO ENAME                JOB                  MGR HIREDATE   SAL  COMM DEPTNO
----- -------------------- ------------------ ----- -------- ----- ----- ------
 7499                                               81/02/20  1600
 7521                                               81/02/22  1250
 7654                                               81/09/28  1250
 7698                                               81/05/01  2850
 7844                                               81/09/08  1500
 7900                                               81/12/03   950
â€‹
6 rows selected.
â€‹
SQL> SELECT * FROM TEST02;
â€‹
EMPNO ENAME                JOB                  MGR HIREDATE   SAL  COMM DEPTNO
----- -------------------- ------------------ ----- -------- ----- ----- ------
 7499                                          7698           1600
 7521                                          7698           1250
 7654                                          7698           1250
 7698                                          7839           2850
 7844                                          7698           1500
 7900                                          7698            950
â€‹
6 rows selected.
â€‹
SQL>
```
â€‹
**ðŸ˜Ž ì•Œì•„ë‘ê¸°**
â€‹
  
DROP TABLE TEST01  
DROP TABLE TEST02  
  
CREATE TABLE TEST01 AS  
SELECT \* FROM EMP  
WHERE 1 = 0; â†’ êµ¬ì¡°ë§Œ ìƒì„±ë˜ê³  ë°ì´í„°ëŠ” ì‚½ìž…ë˜ì§€ ì•ŠëŠ”ë‹¤.
â€‹
```
SQL> CREATE TABLE TEST01 AS
  2  SELECT * FROM EMP
  3  WHERE 1 = 0;
â€‹
Table created.
â€‹
SQL> SELECT * FROM TEST01;
â€‹
no rows selected
```
â€‹
  
CREATE TABLE TEST02 AS  
SELECT \* FROM EMP  
WHERE 1 = 0;â†’ êµ¬ì¡°ë§Œ ìƒì„±ë˜ê³  ë°ì´í„°ëŠ” ì‚½ìž…ë˜ì§€ ì•ŠëŠ”ë‹¤.
â€‹
```
SQL> CREATE TABLE TEST02 AS
  2  SELECT * FROM EMP
  3  WHERE 1 = 0;
â€‹
Table created.
â€‹
SQL> SELECT * FROM TEST02;
â€‹
no rows selected
â€‹
```
â€‹
  
  
**Q17)**
â€‹
**ì‚¬ì› í…Œì´ë¸”(EMP)ì—ì„œ20ë²ˆ ë¶€ì„œ ì´ìƒì˜ ë°ì´í„°ë¥¼**
â€‹
**TEST01 í…Œì´ë¸”ì—ëŠ” ì‚¬ì›ë²ˆí˜¸, ìž…ì‚¬ì¼, ë´‰ê¸‰ì„ ìž…ë ¥í•˜ê³ **
â€‹
**TEST02ë¼ëŠ”, ë§¤ë‹ˆì €, ë´‰ê¸‰ì„ ìž…ë ¥í•´ë³´ìž.**  
**ë‹¨, ë´‰ê¸‰ì´ 2000ì´ìƒì´ë©´ TEST01 ë‚˜ë¨¸ì§€ëŠ” TEST02 ìž…ë ¥í•˜ìž.**  
  
â€‹
INSERT ALL  
WHEN SAL >= 2000 THEN  
         INTO TEST01(EMPNO, HIREDATE, SAL) VALUES(EMPNO, HIREDATE, SAL)  
WHEN SAL < 2000 THEN  
         INTO TEST02(EMPNO, MGR, SAL) VALUES(EMPNO, MGR, SAL)  
SELECT EMPNO, HIREDATE, SAL, MGR  
FROM EMP  
WHERE DEPTNO >20;
â€‹
```
SQL> INSERT ALL
  2  WHEN SAL >= 2000 THEN
  3           INTO TEST01(EMPNO, HIREDATE, SAL) VALUES(EMPNO, HIREDATE, SAL)
  4  WHEN SAL < 2000 THEN
  5           INTO TEST02(EMPNO, MGR, SAL) VALUES(EMPNO, MGR, SAL)
  6  SELECT EMPNO, HIREDATE, SAL, MGR
  7  FROM EMP
  8  WHERE DEPTNO >20;
â€‹
6 rows created.
â€‹
SQL> SELECT * FROM TEST01;
â€‹
EMPNO ENAME                JOB                  MGR HIREDATE   SAL  COMM DEPTNO
----- -------------------- ------------------ ----- -------- ----- ----- ------
 7698                                               81/05/01  2850
â€‹
SQL> SELECT * FROM TEST02;
â€‹
EMPNO ENAME                JOB                  MGR HIREDATE   SAL  COMM DEPTNO
----- -------------------- ------------------ ----- -------- ----- ----- ------
 7499                                          7698           1600
 7521                                          7698           1250
 7654                                          7698           1250
 7844                                          7698           1500
 7900                                          7698            950
â€‹
SQL>
```
â€‹
**â–¡ INSERT FIRST**
â€‹
  
   ì²« ë²ˆì§¸ WHEN ì ˆì´ ì°¸ì´ë©´, ë‘ ë²ˆì§¸ WHEN ì ˆì´ X â†’ í•˜ë‚˜ì˜ TRUE ë§Œ
â€‹
  
**Q18) INSERT FIRST**
â€‹
**ì‚¬ì› í…Œì´ë¸”(EMP)ì—ì„œ**
â€‹
**TEST01í…Œì´ë¸”ì—ëŠ” ë´‰ê¸‰ì´2000ì´ìƒì¸ ì‚¬ì›ë²ˆí˜¸,ìž…ì‚¬ì¼,ë´‰ê¸‰ì„ìž…ë ¥í•˜ê³ **
â€‹
**TEST02 í…Œì´ë¸”ì—ëŠ” ì‚¬ì› ì´ë¦„ì´ Aê°€ í¬í•¨ëœ ì‚¬ì›ë²ˆí˜¸, ë§¤ë‹ˆì €, ë´‰ê¸‰ì„ ìž…ë ¥í•˜ê³ **
â€‹
**TEST03 í…Œì´ë¸”ì—ëŠ” ì‚¬ì›ì´ë¦„ì´ Fê°€ í¬í•¨ëœ ì‚¬ì›ë²ˆí˜¸, ë§¤ë‹ˆì €, ë´‰ê¸‰ì„ ìž…ë ¥í•˜ê³  ê°’ì„ ìž…ë ¥í•˜ìž.**  
â€‹
INSERT FIRST  
WHEN SAL >= 2000 THEN  
     INTO TEST01 (EMPNO, HIREDATE, SAL) VALUES (EMPNO, HIREDATE, SAL)  
WHEN ENAME LIKE ('% A%') THEN  
     INTO TEST02 (EMPNO, MGR, SAL) VALUES (EMPNO, MGR, SAL)  
WHEN ENAME LIKE('% F%') THEN  
     INTO TEST03(EMPNO, MGR, SAL) VALUES(EMPNO, MGR, SAL)  
SELECT ENAME, EMPNO, HIREDATE, SAL, MGR  
FROM EMP;
â€‹
```
SQL> INSERT FIRST
  2  WHEN SAL >= 2000 THEN
  3       INTO TEST01 (EMPNO, HIREDATE, SAL) VALUES (EMPNO, HIREDATE, SAL)
  4  WHEN ENAME LIKE ('%A%') THEN
  5       INTO TEST02 (EMPNO, MGR, SAL) VALUES (EMPNO, MGR, SAL)
  6  WHEN ENAME LIKE('%F%') THEN
  7       INTO TEST03(EMPNO, MGR, SAL) VALUES(EMPNO, MGR, SAL)
  8  SELECT ENAME, EMPNO, HIREDATE, SAL, MGR
  9  FROM EMP;
â€‹
9 rows created.
â€‹
SQL> SELECT * FROM TEST01;
â€‹
EMPNO ENAME                JOB                  MGR HIREDATE   SAL  COMM DEPTNO
----- -------------------- ------------------ ----- -------- ----- ----- ------
 7566                                               81/04/02  2975
 7698                                               81/05/01  2850
 7782                                               81/06/09  2450
 7839                                               81/11/17  5000
 7902                                               81/12/03  3000
â€‹
SQL> SELECT * FROM TEST02;
â€‹
EMPNO ENAME                JOB                  MGR HIREDATE   SAL  COMM DEPTNO
----- -------------------- ------------------ ----- -------- ----- ----- ------
 7499                                          7698           1600
 7521                                          7698           1250
 7654                                          7698           1250
 7900                                          7698            950
â€‹
SQL> SELECT * FROM TEST03;
â€‹
no rows selected
â€‹
```
â€‹
 # ìœ„ ë°ì´í„°ë¥¼ INSERT ALL ê°€ ë¹„êµí•´ë³´ìž â†’ ì¤‘ë³µ ê°’ ê°€ëŠ¥
â€‹
INSERT ALL   
WHEN SAL >= 2000 THEN  
         INTO TEST01(EMPNO, HIREDATE, SAL) VALUES (EMPNO, HIREDATE, SAL)  
WHEN ENAME LIKE('% A%') THEN  
         INTO TEST02 (EMPNO, MGR, SAL) VALUES (EMPNO, MGR, SAL)  
WHEN ENAME LIKE('% F%') THEN  
         INTO TEST03 (EMPNO, MGR, SAL) VALUES (EMPNO, MGR, SAL)  
SELECT ENAME, EMPNO, HIREDATE, SAL, MGR  
FROM EMP;
â€‹
```
SQL> INSERT ALL
  2  WHEN SAL >= 2000 THEN
  3           INTO TEST01(EMPNO, HIREDATE, SAL) VALUES (EMPNO, HIREDATE, SAL)
  4  WHEN ENAME LIKE('%A%') THEN
  5           INTO TEST02 (EMPNO, MGR, SAL) VALUES (EMPNO, MGR, SAL)
  6  WHEN ENAME LIKE('%F%') THEN
  7           INTO TEST03 (EMPNO, MGR, SAL) VALUES (EMPNO, MGR, SAL)
  8  SELECT ENAME, EMPNO, HIREDATE, SAL, MGR
  9  FROM EMP;
â€‹
12 rows created.
â€‹
SQL> SELECT * FROM TEST01;
â€‹
EMPNO ENAME                JOB                  MGR HIREDATE   SAL  COMM DEPTNO
----- -------------------- ------------------ ----- -------- ----- ----- ------
 7566                                               81/04/02  2975
 7698                                               81/05/01  2850
 7782                                               81/06/09  2450
 7839                                               81/11/17  5000
 7902                                               81/12/03  3000
â€‹
SQL> SELECT * FROM TEST02;
â€‹
EMPNO ENAME                JOB                  MGR HIREDATE   SAL  COMM DEPTNO
----- -------------------- ------------------ ----- -------- ----- ----- ------
 7499                                          7698           1600
 7521                                          7698           1250
 7654                                          7698           1250
 7698                                          7839           2850
 7782                                          7839           2450
 7900                                          7698            950
â€‹
6 rows selected.
â€‹
SQL> SELECT * FROM TEST03;
â€‹
EMPNO ENAME                JOB                  MGR HIREDATE   SAL  COMM DEPTNO
----- -------------------- ------------------ ----- -------- ----- ----- ------
 7902                                          7566           3000
â€‹
SQL>
```
â€‹
  
**Q19) INSERT ALL**
â€‹
  
INSERT ALL  
INTO TEST01(EMPNO, ENAME) VALUES(EMPNO, ENAME)  
INTO TEST02(EMPNO, ENAME, SAL) VALUES(EMPNO, ENAME, SAL)  
INTO TEST03(EMPNO, ENAME, MGR) VALUES(EMPNO, ENAME, MGR)  
SELECT EMPNO, ENAME, SAL, MGR  
FROM EMP;
â€‹
```
SQL> INSERT ALL
  2  INTO TEST01(EMPNO, ENAME) VALUES(EMPNO, ENAME)
  3  INTO TEST02(EMPNO, ENAME, SAL) VALUES(EMPNO, ENAME, SAL)
  4  INTO TEST03(EMPNO, ENAME, MGR) VALUES(EMPNO, ENAME, MGR)
  5  SELECT EMPNO, ENAME, SAL, MGR
  6  FROM EMP;
â€‹
36 rows created.
â€‹
SQL> SELECT * FROM TEST01;
â€‹
EMPNO ENAME                JOB                  MGR HIREDATE   SAL  COMM DEPTNO
----- -------------------- ------------------ ----- -------- ----- ----- ------
 7369 SMITH
 7499 ALLEN
 7521 WARD
 7566 JONES
 7654 MARTIN
 7698 BLAKE
 7782 CLARK
 7839 KING
 7844 TURNER
 7900 JAMES
 7902 FORD
â€‹
EMPNO ENAME                JOB                  MGR HIREDATE   SAL  COMM DEPTNO
----- -------------------- ------------------ ----- -------- ----- ----- ------
 7934 MILLER
â€‹
12 rows selected.
â€‹
SQL> SELECT * FROM TEST02;
â€‹
EMPNO ENAME                JOB                  MGR HIREDATE   SAL  COMM DEPTNO
----- -------------------- ------------------ ----- -------- ----- ----- ------
 7369 SMITH                                                    800
 7499 ALLEN                                                   1600
 7521 WARD                                                    1250
 7566 JONES                                                   2975
 7654 MARTIN                                                  1250
 7698 BLAKE                                                   2850
 7782 CLARK                                                   2450
 7839 KING                                                    5000
 7844 TURNER                                                  1500
 7900 JAMES                                                    950
 7902 FORD                                                    3000
â€‹
EMPNO ENAME                JOB                  MGR HIREDATE   SAL  COMM DEPTNO
----- -------------------- ------------------ ----- -------- ----- ----- ------
 7934 MILLER                                                  1300
â€‹
12 rows selected.
â€‹
SQL> SELECT * FROM TEST03;
â€‹
EMPNO ENAME                JOB                  MGR HIREDATE   SAL  COMM DEPTNO
----- -------------------- ------------------ ----- -------- ----- ----- ------
 7369 SMITH                                    7902
 7499 ALLEN                                    7698
 7521 WARD                                     7698
 7566 JONES                                    7839
 7654 MARTIN                                   7698
 7698 BLAKE                                    7839
 7782 CLARK                                    7839
 7839 KING
 7844 TURNER                                   7698
 7900 JAMES                                    7698
 7902 FORD                                     7566
â€‹
EMPNO ENAME                JOB                  MGR HIREDATE   SAL  COMM DEPTNO
----- -------------------- ------------------ ----- -------- ----- ----- ------
 7934 MILLER                                   7782
â€‹
12 rows selected.
â€‹
SQL>
```
